<?xml version="1.0" encoding="UTF-8"?>
<module type="classes.eJSLModuleType" version="4">
    <component name="FacetManager">
        <facet type="de.thm.icampus.joomdd.ejsl.EJSL" name="EJSL">
            <configuration>
                <option name="activated" value="true" />
                <option name="createDirectory" value="true" />
                <option name="outputDirectory" value="src-gen" />
                <option name="overwriteExisting" value="true" />
                <option name="testOutputDirectory" value="src-gen" />
            </configuration>
        </facet>
    </component>
    <component name="NewModuleRootManager">
        <content url="file://$MODULE_DIR$">
            <sourceFolder url="file://$MODULE_DIR$/src" isTestSource="false" />
            <sourceFolder url="file://$MODULE_DIR$/src-gen" isTestSource="false" generated="true" />
        </content>
        <orderEntry type="inheritedJdk" />
        <orderEntry type="sourceFolder" forTests="false" />
    </component>  
</module>